name,link,hot,tag
佳木斯坍塌体育馆3人遇难,https://s.weibo.com/weibo?q=%23%E4%BD%B3%E6%9C%A8%E6%96%AF%E5%9D%8D%E5%A1%8C%E4%BD%93%E8%82%B2%E9%A6%863%E4%BA%BA%E9%81%87%E9%9A%BE%23&t=31&band_rank=1&Refer=top,1876218,社会
原来淋巴肉是不能吃的,https://s.weibo.com/weibo?q=%23%E5%8E%9F%E6%9D%A5%E6%B7%8B%E5%B7%B4%E8%82%89%E6%98%AF%E4%B8%8D%E8%83%BD%E5%90%83%E7%9A%84%23&t=31&band_rank=2&Refer=top,1313462,搞笑
进博会到底有多好逛,https://s.weibo.com/weibo?q=%23%E8%BF%9B%E5%8D%9A%E4%BC%9A%E5%88%B0%E5%BA%95%E6%9C%89%E5%A4%9A%E5%A5%BD%E9%80%9B%23&t=31&band_rank=3&Refer=top,1150253,暂无
节奏大师回归,https://s.weibo.com/weibo?q=%E8%8A%82%E5%A5%8F%E5%A4%A7%E5%B8%88%E5%9B%9E%E5%BD%92&t=31&band_rank=4&Refer=top,1093612,游戏
女子转售父母生前处方药被判贩毒罪,https://s.weibo.com/weibo?q=%23%E5%A5%B3%E5%AD%90%E8%BD%AC%E5%94%AE%E7%88%B6%E6%AF%8D%E7%94%9F%E5%89%8D%E5%A4%84%E6%96%B9%E8%8D%AF%E8%A2%AB%E5%88%A4%E8%B4%A9%E6%AF%92%E7%BD%AA%23&t=31&band_rank=5&Refer=top,628587,社会
早期的内娱遍地都是喜剧人,https://s.weibo.com/weibo?q=%E6%97%A9%E6%9C%9F%E7%9A%84%E5%86%85%E5%A8%B1%E9%81%8D%E5%9C%B0%E9%83%BD%E6%98%AF%E5%96%9C%E5%89%A7%E4%BA%BA&t=31&band_rank=6&Refer=top,533025,暂无
微博校园探星计划,https://s.weibo.comjavascript:void(0);,0,校园
山东省考,https://s.weibo.com/weibo?q=%E5%B1%B1%E4%B8%9C%E7%9C%81%E8%80%83&t=31&band_rank=7&Refer=top,478654,教育
这是考研人的生命线啊,https://s.weibo.com/weibo?q=%E8%BF%99%E6%98%AF%E8%80%83%E7%A0%94%E4%BA%BA%E7%9A%84%E7%94%9F%E5%91%BD%E7%BA%BF%E5%95%8A&t=31&band_rank=8&Refer=top,377872,暂无
北上广很难有花束般的恋爱,https://s.weibo.com/weibo?q=%E5%8C%97%E4%B8%8A%E5%B9%BF%E5%BE%88%E9%9A%BE%E6%9C%89%E8%8A%B1%E6%9D%9F%E8%88%AC%E7%9A%84%E6%81%8B%E7%88%B1&t=31&band_rank=9&Refer=top,358936,暂无
为研究他喝下幽门螺杆菌培育汤,https://s.weibo.com/weibo?q=%23%E4%B8%BA%E7%A0%94%E7%A9%B6%E4%BB%96%E5%96%9D%E4%B8%8B%E5%B9%BD%E9%97%A8%E8%9E%BA%E6%9D%86%E8%8F%8C%E5%9F%B9%E8%82%B2%E6%B1%A4%23&t=31&band_rank=10&Refer=top,338249,社会
向佐记得郭碧婷小时代每个细节,https://s.weibo.com/weibo?q=%23%E5%90%91%E4%BD%90%E8%AE%B0%E5%BE%97%E9%83%AD%E7%A2%A7%E5%A9%B7%E5%B0%8F%E6%97%B6%E4%BB%A3%E6%AF%8F%E4%B8%AA%E7%BB%86%E8%8A%82%23&t=31&band_rank=11&Refer=top,330819,明星
景甜脏脏包妆造,https://s.weibo.com/weibo?q=%23%E6%99%AF%E7%94%9C%E8%84%8F%E8%84%8F%E5%8C%85%E5%A6%86%E9%80%A0%23&t=31&band_rank=12&Refer=top,309201,明星
女大学生肚子大被搓澡阿姨救了一命,https://s.weibo.com/weibo?q=%23%E5%A5%B3%E5%A4%A7%E5%AD%A6%E7%94%9F%E8%82%9A%E5%AD%90%E5%A4%A7%E8%A2%AB%E6%90%93%E6%BE%A1%E9%98%BF%E5%A7%A8%E6%95%91%E4%BA%86%E4%B8%80%E5%91%BD%23&t=31&band_rank=13&Refer=top,307671,社会
每天1点睡觉的好处,https://s.weibo.com/weibo?q=%23%E6%AF%8F%E5%A4%A91%E7%82%B9%E7%9D%A1%E8%A7%89%E7%9A%84%E5%A5%BD%E5%A4%84%23&t=31&band_rank=14&Refer=top,279479,搞笑
李现对接回应出演国色芳华,https://s.weibo.com/weibo?q=%23%E6%9D%8E%E7%8E%B0%E5%AF%B9%E6%8E%A5%E5%9B%9E%E5%BA%94%E5%87%BA%E6%BC%94%E5%9B%BD%E8%89%B2%E8%8A%B3%E5%8D%8E%23&t=31&band_rank=15&Refer=top,259990,电视剧-国产剧
突然理解为什么姜涛是顶流了,https://s.weibo.com/weibo?q=%23%E7%AA%81%E7%84%B6%E7%90%86%E8%A7%A3%E4%B8%BA%E4%BB%80%E4%B9%88%E5%A7%9C%E6%B6%9B%E6%98%AF%E9%A1%B6%E6%B5%81%E4%BA%86%23&t=31&band_rank=16&Refer=top,221260,明星
1岁宝宝离世捐器官救6人,https://s.weibo.com/weibo?q=%231%E5%B2%81%E5%AE%9D%E5%AE%9D%E7%A6%BB%E4%B8%96%E6%8D%90%E5%99%A8%E5%AE%98%E6%95%916%E4%BA%BA%23&t=31&band_rank=17&Refer=top,220570,社会
景甜 脸在江山在,https://s.weibo.com/weibo?q=%E6%99%AF%E7%94%9C%20%E8%84%B8%E5%9C%A8%E6%B1%9F%E5%B1%B1%E5%9C%A8&t=31&band_rank=18&Refer=top,211835,暂无
林昀儒世界排名升至第6,https://s.weibo.com/weibo?q=%23%E6%9E%97%E6%98%80%E5%84%92%E4%B8%96%E7%95%8C%E6%8E%92%E5%90%8D%E5%8D%87%E8%87%B3%E7%AC%AC6%23&t=31&band_rank=19&Refer=top,206284,体育
许凯啄米啄了一分钟,https://s.weibo.com/weibo?q=%E8%AE%B8%E5%87%AF%E5%95%84%E7%B1%B3%E5%95%84%E4%BA%86%E4%B8%80%E5%88%86%E9%92%9F&t=31&band_rank=20&Refer=top,204796,明星-内地
揉腹多了才发现身体堆了垃圾,https://s.weibo.com/weibo?q=%E6%8F%89%E8%85%B9%E5%A4%9A%E4%BA%86%E6%89%8D%E5%8F%91%E7%8E%B0%E8%BA%AB%E4%BD%93%E5%A0%86%E4%BA%86%E5%9E%83%E5%9C%BE&t=31&band_rank=21&Refer=top,204099,暂无
第一次嗑到女主和男N的cp,https://s.weibo.com/weibo?q=%23%E7%AC%AC%E4%B8%80%E6%AC%A1%E5%97%91%E5%88%B0%E5%A5%B3%E4%B8%BB%E5%92%8C%E7%94%B7N%E7%9A%84cp%23&t=31&band_rank=22&Refer=top,203714,电视剧
郑合惠子医师造型,https://s.weibo.com/weibo?q=%E9%83%91%E5%90%88%E6%83%A0%E5%AD%90%E5%8C%BB%E5%B8%88%E9%80%A0%E5%9E%8B&t=31&band_rank=23&Refer=top,201660,暂无
陌生男孩公交上用手护住熟睡乘客,https://s.weibo.com/weibo?q=%23%E9%99%8C%E7%94%9F%E7%94%B7%E5%AD%A9%E5%85%AC%E4%BA%A4%E4%B8%8A%E7%94%A8%E6%89%8B%E6%8A%A4%E4%BD%8F%E7%86%9F%E7%9D%A1%E4%B9%98%E5%AE%A2%23&t=31&band_rank=24&Refer=top,186042,社会
幼儿园厨师做菜的一天,https://s.weibo.com/weibo?q=%E5%B9%BC%E5%84%BF%E5%9B%AD%E5%8E%A8%E5%B8%88%E5%81%9A%E8%8F%9C%E7%9A%84%E4%B8%80%E5%A4%A9&t=31&band_rank=25&Refer=top,178887,暂无
方圆脸高级感妆容,https://s.weibo.com/weibo?q=%E6%96%B9%E5%9C%86%E8%84%B8%E9%AB%98%E7%BA%A7%E6%84%9F%E5%A6%86%E5%AE%B9&t=31&band_rank=26&Refer=top,173147,暂无
巴以冲突满一个月,https://s.weibo.com/weibo?q=%23%E5%B7%B4%E4%BB%A5%E5%86%B2%E7%AA%81%E6%BB%A1%E4%B8%80%E4%B8%AA%E6%9C%88%23&t=31&band_rank=27&Refer=top,170902,社会
张小斐说上网会忽略恶评,https://s.weibo.com/weibo?q=%23%E5%BC%A0%E5%B0%8F%E6%96%90%E8%AF%B4%E4%B8%8A%E7%BD%91%E4%BC%9A%E5%BF%BD%E7%95%A5%E6%81%B6%E8%AF%84%23&t=31&band_rank=28&Refer=top,164942,明星-内地
财政部通报8起地方政府隐性债务问责典型案例,https://s.weibo.com/weibo?q=%E8%B4%A2%E6%94%BF%E9%83%A8%E9%80%9A%E6%8A%A58%E8%B5%B7%E5%9C%B0%E6%96%B9%E6%94%BF%E5%BA%9C%E9%9A%90%E6%80%A7%E5%80%BA%E5%8A%A1%E9%97%AE%E8%B4%A3%E5%85%B8%E5%9E%8B%E6%A1%88%E4%BE%8B&t=31&band_rank=29&Refer=top,161431,社会
120救人返程遇车祸再救5人,https://s.weibo.com/weibo?q=%23120%E6%95%91%E4%BA%BA%E8%BF%94%E7%A8%8B%E9%81%87%E8%BD%A6%E7%A5%B8%E5%86%8D%E6%95%915%E4%BA%BA%23&t=31&band_rank=30&Refer=top,160433,社会
权志龙笑着笑着就结束调查了,https://s.weibo.com/weibo?q=%23%E6%9D%83%E5%BF%97%E9%BE%99%E7%AC%91%E7%9D%80%E7%AC%91%E7%9D%80%E5%B0%B1%E7%BB%93%E6%9D%9F%E8%B0%83%E6%9F%A5%E4%BA%86%23&t=31&band_rank=31&Refer=top,143085,明星
张钧甯拍追缉瘦了14斤,https://s.weibo.com/weibo?q=%23%E5%BC%A0%E9%92%A7%E7%94%AF%E6%8B%8D%E8%BF%BD%E7%BC%89%E7%98%A6%E4%BA%8614%E6%96%A4%23&t=31&band_rank=32&Refer=top,136370,电影-华语电影
秦昊长发造型,https://s.weibo.com/weibo?q=%23%E7%A7%A6%E6%98%8A%E9%95%BF%E5%8F%91%E9%80%A0%E5%9E%8B%23&t=31&band_rank=33&Refer=top,131703,明星
业内人士回应68元火锅锅底贵不贵,https://s.weibo.com/weibo?q=%23%E4%B8%9A%E5%86%85%E4%BA%BA%E5%A3%AB%E5%9B%9E%E5%BA%9468%E5%85%83%E7%81%AB%E9%94%85%E9%94%85%E5%BA%95%E8%B4%B5%E4%B8%8D%E8%B4%B5%23&t=31&band_rank=34&Refer=top,130982,社会
王嘉尔的童年女神是杨紫,https://s.weibo.com/weibo?q=%E7%8E%8B%E5%98%89%E5%B0%94%E7%9A%84%E7%AB%A5%E5%B9%B4%E5%A5%B3%E7%A5%9E%E6%98%AF%E6%9D%A8%E7%B4%AB&t=31&band_rank=35&Refer=top,124247,暂无
哈登快船首秀,https://s.weibo.com/weibo?q=%23%E5%93%88%E7%99%BB%E5%BF%AB%E8%88%B9%E9%A6%96%E7%A7%80%23&t=31&band_rank=36&Refer=top,122561,体育
余华真的太会写了,https://s.weibo.com/weibo?q=%E4%BD%99%E5%8D%8E%E7%9C%9F%E7%9A%84%E5%A4%AA%E4%BC%9A%E5%86%99%E4%BA%86&t=31&band_rank=37&Refer=top,115923,暂无
还得看水花兄弟,https://s.weibo.com/weibo?q=%23%E8%BF%98%E5%BE%97%E7%9C%8B%E6%B0%B4%E8%8A%B1%E5%85%84%E5%BC%9F%23&t=31&band_rank=38&Refer=top,107167,体育
家里猫猫竟突然复活,https://s.weibo.com/weibo?q=%E5%AE%B6%E9%87%8C%E7%8C%AB%E7%8C%AB%E7%AB%9F%E7%AA%81%E7%84%B6%E5%A4%8D%E6%B4%BB&t=31&band_rank=39&Refer=top,104450,暂无
魏哲鸣是懂端水的,https://s.weibo.com/weibo?q=%23%E9%AD%8F%E5%93%B2%E9%B8%A3%E6%98%AF%E6%87%82%E7%AB%AF%E6%B0%B4%E7%9A%84%23&t=31&band_rank=40&Refer=top,103053,电视剧-国产剧
马立奥一路挥手营业,https://s.weibo.com/weibo?q=%23%E9%A9%AC%E7%AB%8B%E5%A5%A5%E4%B8%80%E8%B7%AF%E6%8C%A5%E6%89%8B%E8%90%A5%E4%B8%9A%23&t=31&band_rank=41&Refer=top,100377,明星-内地
女生为考研戴电击闹钟电破皮都没醒,https://s.weibo.com/weibo?q=%23%E5%A5%B3%E7%94%9F%E4%B8%BA%E8%80%83%E7%A0%94%E6%88%B4%E7%94%B5%E5%87%BB%E9%97%B9%E9%92%9F%E7%94%B5%E7%A0%B4%E7%9A%AE%E9%83%BD%E6%B2%A1%E9%86%92%23&t=31&band_rank=42&Refer=top,98871,社会
杭州已接洽迪士尼环球影城,https://s.weibo.com/weibo?q=%23%E6%9D%AD%E5%B7%9E%E5%B7%B2%E6%8E%A5%E6%B4%BD%E8%BF%AA%E5%A3%AB%E5%B0%BC%E7%8E%AF%E7%90%83%E5%BD%B1%E5%9F%8E%23&t=31&band_rank=43&Refer=top,98602,社会
恒大地产再被强制执行4亿,https://s.weibo.com/weibo?q=%23%E6%81%92%E5%A4%A7%E5%9C%B0%E4%BA%A7%E5%86%8D%E8%A2%AB%E5%BC%BA%E5%88%B6%E6%89%A7%E8%A1%8C4%E4%BA%BF%23&t=31&band_rank=44&Refer=top,94165,社会
苹果这台3w块的电脑怎么样,https://s.weibo.com/weibo?q=%E8%8B%B9%E6%9E%9C%E8%BF%99%E5%8F%B03w%E5%9D%97%E7%9A%84%E7%94%B5%E8%84%91%E6%80%8E%E4%B9%88%E6%A0%B7&t=31&band_rank=45&Refer=top,93664,暂无
湖人vs热火,https://s.weibo.com/weibo?q=%23%E6%B9%96%E4%BA%BAvs%E7%83%AD%E7%81%AB%23&t=31&band_rank=46&Refer=top,91232,体育
适合高敏感人的休息方式,https://s.weibo.com/weibo?q=%E9%80%82%E5%90%88%E9%AB%98%E6%95%8F%E6%84%9F%E4%BA%BA%E7%9A%84%E4%BC%91%E6%81%AF%E6%96%B9%E5%BC%8F&t=31&band_rank=47&Refer=top,87020,暂无
2023国际乒联第45周排名,https://s.weibo.com/weibo?q=%232023%E5%9B%BD%E9%99%85%E4%B9%92%E8%81%94%E7%AC%AC45%E5%91%A8%E6%8E%92%E5%90%8D%23&t=31&band_rank=48&Refer=top,86544,体育
早年SHE唱跳现场,https://s.weibo.com/weibo?q=%23%E6%97%A9%E5%B9%B4SHE%E5%94%B1%E8%B7%B3%E7%8E%B0%E5%9C%BA%23&t=31&band_rank=49&Refer=top,86092,音乐-华语音乐
权志龙ins事必归正,https://s.weibo.com/weibo?q=%23%E6%9D%83%E5%BF%97%E9%BE%99ins%E4%BA%8B%E5%BF%85%E5%BD%92%E6%AD%A3%23&t=31&band_rank=50&Refer=top,84825,明星-日韩
